t_s,h_m,V_m_s,gamma_deg,fuel_kg,shaft_power_hp,thrust_N,prop_eta,T_amb_K,rho_kg_m3,gust_w_m_s,sensor_rpm,sensor_egt_C,sensor_fuel_lph,sensor_power_est_hp
5.0,14.1,48.04,6.62,199.971,156.9,1813.1,0.697,288.1,1.225,0.0,1464.0,583.9,26.1,159.3
10.0,38.0,47.78,5.52,199.942,156.7,1763.8,0.725,288.1,1.2233,0.0,1478.0,607.6,26.83,154.0
15.0,58.7,48.16,5.0,199.913,156.3,1764.0,0.723,287.9,1.2205,0.2,1415.0,585.8,26.06,158.9
20.0,75.5,48.22,3.37,199.89,126.6,1479.3,0.755,287.8,1.2181,-0.43,1396.0,533.3,21.08,120.7
25.0,89.1,48.89,3.38,199.868,126.4,1476.1,0.755,287.7,1.2161,-0.27,1385.0,516.4,20.83,129.0
30.0,95.5,47.95,0.43,199.859,56.8,714.6,0.825,287.6,1.2146,-0.17,1156.0,353.4,7.58,56.4
35.0,102.8,46.57,2.56,199.852,53.1,679.9,0.824,307.5,1.1349,-0.11,1168.0,359.9,6.91,53.9
40.0,107.5,45.94,0.38,199.844,53.0,697.0,0.821,307.5,1.1341,0.1,1151.0,365.0,6.98,54.4
45.0,103.1,47.27,-1.8,199.836,53.0,704.7,0.819,307.5,1.1335,-0.05,1174.0,358.3,7.19,54.0
50.0,85.3,51.02,-5.54,199.829,51.4,669.7,0.826,267.5,1.3036,-0.03,1152.0,326.5,6.35,51.5
55.0,59.4,55.47,-5.89,199.822,51.5,617.4,0.82,267.6,1.3058,0.17,1162.0,332.4,6.54,52.6
60.0,24.6,60.51,-8.32,199.815,51.6,552.3,0.796,267.8,1.309,1.71,1130.0,317.1,6.51,50.1
